{"S06001_L0064": {"-24dB": 0.33896473170553004, "-21dB": 0.20657826418754147, "-18dB": 0.12230976352959173, "-15dB": 0.06587244472072036, "-12dB": 0.05502791694082638, "-9dB": 0.038830853024425696, "-6dB": 0.03369287586782043, "-3dB": 0.037699048614463916, "0dB": 0.026746032269184438}, "S06001_L0068": {"-24dB": 0.33249597508406986, "-21dB": 0.15505632428095945, "-18dB": 0.09384034220005391, "-15dB": 0.06575582828009753, "-12dB": 0.03828821627809326, "-9dB": 0.028672038233761115, "-6dB": 0.03256885542479542, "-3dB": 0.0515256337180344, "0dB": 0.04494343696351542}, "S06001_L0008": {"-24dB": 0.4541245172900166, "-21dB": 0.25203605520654393, "-18dB": 0.14179596648785725, "-15dB": 0.10597737681449325, "-12dB": 0.08757766534981964, "-9dB": 0.05613204739513008, "-6dB": 0.044971747392008966, "-3dB": 0.05437675779851937, "0dB": 0.04267963617919689}, "S06002_L0044": {"-24dB": 0.10934421275539974, "-21dB": 0.08679277425725773, "-18dB": 0.09263689850827152, "-15dB": 0.09532749068524504, "-12dB": 0.093041276501623, "-9dB": 0.09908660020132695, "-6dB": 0.09920355004640767, "-3dB": 0.0949876446298884, "0dB": 0.10677466511726985}, "S06002_L0082": {"-24dB": 0.32408691021299524, "-21dB": 0.26381211602500565, "-18dB": 0.218966930430299, "-15dB": 0.20391570436317732, "-12dB": 0.20685363032828014, "-9dB": 0.2800206796158426, "-6dB": 0.27307012485095655, "-3dB": 0.24965376373536652, "0dB": 0.2309292035136278}, "S06002_L0078": {"-24dB": 0.5228639605452141, "-21dB": 0.4385710988960702, "-18dB": 0.35520697354037056, "-15dB": 0.3228036470065611, "-12dB": 0.2919347893783196, "-9dB": 0.31643435778939616, "-6dB": 0.29472612290886113, "-3dB": 0.29339133273557083, "0dB": 0.2743502830292144}, "S06003_L0066": {"-24dB": 0.043669057443077225, "-21dB": 0.04484370391042534, "-18dB": 0.0439939924809249, "-15dB": 0.05006396590461212, "-12dB": 0.04791280167225843, "-9dB": 0.0385949734130631, "-6dB": 0.02381166533319884, "-3dB": 0.02074603752864503, "0dB": 0.01580524601144874}, "S06003_L0051": {"-24dB": 0.05141748481476776, "-21dB": 0.09198529534011299, "-18dB": 0.0861625104644996, "-15dB": 0.05466044132978287, "-12dB": 0.04948682409782871, "-9dB": 0.032539424647009596, "-6dB": 0.029678871763878532, "-3dB": 0.026138643949302237, "0dB": 0.018008098644949892}, "S06003_L0077": {"-24dB": 0.034084063687609925, "-21dB": 0.044609568576862775, "-18dB": 0.044691302582218144, "-15dB": 0.053032356811226804, "-12dB": 0.06046395058084002, "-9dB": 0.034399381808236595, "-6dB": 0.031228238805598666, "-3dB": 0.025164543916184518, "0dB": 0.01946636542284063}, "S06004_L0059": {"-24dB": 0.31441369963641336, "-21dB": 0.20055442945104687, "-18dB": 0.23399721866510959, "-15dB": 0.1660661909938851, "-12dB": 0.2172769210626941, "-9dB": 0.2264985382757545, "-6dB": 0.23226449916679803, "-3dB": 0.25866307053910265, "0dB": 0.28271329756344815}, "S06004_L0092": {"-24dB": 0.05054115638188619, "-21dB": 0.05479642356331857, "-18dB": 0.06285576875872145, "-15dB": 0.12806868420287332, "-12dB": 0.16919683875631894, "-9dB": 0.17500116052572456, "-6dB": 0.18080493429304595, "-3dB": 0.15980745520057368, "0dB": 0.1865430890053806}, "S06004_L0036": {"-24dB": 0.06031078666476274, "-21dB": 0.055223121283903054, "-18dB": 0.050742523320423054, "-15dB": 0.04447426766740171, "-12dB": 0.06308884412460505, "-9dB": 0.07776812496444424, "-6dB": 0.07014435052347073, "-3dB": 0.05442583243006909, "0dB": 0.053468503153531424}, "S06005_L0081": {"-24dB": 0.18739807989942747, "-21dB": 0.1730432252369569, "-18dB": 0.1807587878122499, "-15dB": 0.1781518842464665, "-12dB": 0.17552336895519038, "-9dB": 0.1765686563336859, "-6dB": 0.17711650618663077, "-3dB": 0.18036642644216744, "0dB": 0.19908946135677422}, "S06005_L0023": {"-24dB": 0.30166409749982825, "-21dB": 0.3210059934843877, "-18dB": 0.3365728245660572, "-15dB": 0.3976682529692096, "-12dB": 0.36268558456829975, "-9dB": 0.36779434837949954, "-6dB": 0.3691543568604858, "-3dB": 0.372050934675274, "0dB": 0.36926141728424927}, "S06005_L0048": {"-24dB": 0.17216540279633327, "-21dB": 0.17571147480565008, "-18dB": 0.1623087024153553, "-15dB": 0.17306325797049085, "-12dB": 0.1562867242605071, "-9dB": 0.20509809727120568, "-6dB": 0.19284038320885202, "-3dB": 0.1835042121122851, "0dB": 0.16962941699942602}, "S06006_L0023": {"-24dB": 0.6654001092675551, "-21dB": 0.6738824190647054, "-18dB": 0.7070464928054865, "-15dB": 0.7481786768187919, "-12dB": 0.7855642562213427, "-9dB": 0.7910682913674312, "-6dB": 0.7661793030753616, "-3dB": 0.7544118308933611, "0dB": 0.7866599112216984}, "S06006_L0015": {"-24dB": 0.7373805412098242, "-21dB": 0.7044613271852014, "-18dB": 0.6849047584497076, "-15dB": 0.7169764316053666, "-12dB": 0.6919319958808703, "-9dB": 0.684862149301363, "-6dB": 0.6811059954707612, "-3dB": 0.6801649575618596, "0dB": 0.6638683488475795}, "S06006_L0097": {"-24dB": 0.6152086898404995, "-21dB": 0.6296135580457054, "-18dB": 0.6636639934991686, "-15dB": 0.7124407258059018, "-12dB": 0.7722576313094791, "-9dB": 0.7546241409394422, "-6dB": 0.6904947521463091, "-3dB": 0.6657727383329587, "0dB": 0.6756101648538336}, "S06007_L0042": {"-24dB": 0.6178706702252087, "-21dB": 0.6534302885784923, "-18dB": 0.653822865725005, "-15dB": 0.6704704349498928, "-12dB": 0.6857984723847745, "-9dB": 0.6492618312733413, "-6dB": 0.6024868762816361, "-3dB": 0.5905065234646046, "0dB": 0.5852856842277675}, "S06007_L0085": {"-24dB": 0.15010784964335672, "-21dB": 0.12101944314486104, "-18dB": 0.0993030719033083, "-15dB": 0.10084143719721657, "-12dB": 0.12238300683410049, "-9dB": 0.1151392924016378, "-6dB": 0.12139079659506924, "-3dB": 0.11171656028729254, "0dB": 0.10963723583467945}, "S06007_L0095": {"-24dB": 0.051622489135754165, "-21dB": 0.04656965922144212, "-18dB": 0.04164329721634563, "-15dB": 0.042514831038707526, "-12dB": 0.04401301961193645, "-9dB": 0.049981196037754756, "-6dB": 0.05512436790083219, "-3dB": 0.055769563806879405, "0dB": 0.059841593810787914}, "S06008_L0024": {"-24dB": 0.042974963089365936, "-21dB": 0.04184460811663786, "-18dB": 0.04623714512620937, "-15dB": 0.04176571627439833, "-12dB": 0.04060177480035997, "-9dB": 0.031463505956378604, "-6dB": 0.030684842100561972, "-3dB": 0.027886216261913056, "0dB": 0.030782776483860626}, "S06008_L0053": {"-24dB": 0.027898533527999092, "-21dB": 0.02561071943747474, "-18dB": 0.024837457077161496, "-15dB": 0.03263770805346263, "-12dB": 0.024286147896922128, "-9dB": 0.027077310528783288, "-6dB": 0.02921546998500225, "-3dB": 0.034708035638263614, "0dB": 0.03712025051176872}, "S06008_L0015": {"-24dB": 0.03283874154857802, "-21dB": 0.03328863761951331, "-18dB": 0.022154714252302685, "-15dB": 0.01951273168708357, "-12dB": 0.016417385411779176, "-9dB": 0.021672358010735956, "-6dB": 0.029153335510813158, "-3dB": 0.03188729349387318, "0dB": 0.033198811181114146}, "S06009_L0012": {"-24dB": 0.008231395450283976, "-21dB": 0.007697099101385745, "-18dB": 0.01211193476872013, "-15dB": 0.009192000407481032, "-12dB": 0.009060380195989742, "-9dB": 0.018014341185467648, "-6dB": 0.023072336332280577, "-3dB": 0.009762660761858786, "0dB": 0.008153309301286224}, "S06009_L0056": {"-24dB": 0.007354342822268346, "-21dB": 0.010743165897360357, "-18dB": 0.01104805402009356, "-15dB": 0.009520020567111563, "-12dB": 0.009133803574738348, "-9dB": 0.007085306297548561, "-6dB": 0.006569539487195088, "-3dB": 0.006581354516166016, "0dB": 0.00655261859556419}, "S06009_L0076": {"-24dB": 0.018337526305314603, "-21dB": 0.018536172177819485, "-18dB": 0.01877848523581004, "-15dB": 0.016573388813434956, "-12dB": 0.013727407278727094, "-9dB": 0.012879808457404194, "-6dB": 0.01430331313584253, "-3dB": 0.010167142169864163, "0dB": 0.009416118461541058}, "S06010_L0089": {"-24dB": 0.05346564973342218, "-21dB": 0.05431355083756756, "-18dB": 0.0531592121883287, "-15dB": 0.05747669817919754, "-12dB": 0.06852426110932507, "-9dB": 0.08082879445791899, "-6dB": 0.08995198010631507, "-3dB": 0.11658191888720054, "0dB": 0.12400784596257022}, "S06010_L0015": {"-24dB": 0.3945304011570994, "-21dB": 0.3470862986715133,