{"e009_data_si.csv": {"haspi": {"count": 1500.0, "mean": 0.9634950267028277, "std": 0.07130625574075035, "min": 0.3807844729853622, "25%": 0.967037862927076, "50%": 0.9936767334132028, "75%": 0.9987690014657042, "max": 0.9999850914279492}}, "e008_hr_data_si.csv": {"haspi": {"count": 1500.0, "mean": 0.7935233327683181, "std": 0.26165489455396485, "min": 0.0066160372046816, "25%": 0.7292925759413946, "50%": 0.9087143820279341, "75%": 0.9732773879071098, "max": 0.9996346203577894}}, "e008_new_si.csv": {"haspi": {"count": 1500.0, "mean": 0.5912604906419827, "std": 0.2860196249259072, "min": 0.0054231252117113, "25%": 0.38196015173131426, "50%": 0.6372577031227251, "75%": 0.8292115165302099, "max": 0.9987061876625196}}}